item_id,title,category,price,image_url
0,Product_0,Outerwear,40.22,https://images.unsplash.com/photo-1551028719-00167b16eac5?w=400&auto=format&fit=crop&q=80
1,Product_1,Tops,55.58,https://images.unsplash.com/photo-1618354691373-d851c5c3a990?w=400&auto=format&fit=crop&q=80
2,Product_2,Accessories,41.51,https://images.unsplash.com/photo-1584917865442-de89df76afd3?w=400&auto=format&fit=crop&q=80
3,Product_3,Tops,45.78,https://images.unsplash.com/photo-1503342217505-b0a15ec3261c?w=400&auto=format&fit=crop&q=80
4,Product_4,Tops,62.04,https://images.unsplash.com/photo-1521572267360-ee0c2909d518?w=400&auto=format&fit=crop&q=80
5,Product_5,Footwear,43.61,https://images.unsplash.com/photo-1549298916-b41d501d3772?w=400&auto=format&fit=crop&q=80
6,Product_6,Accessories,162.97,https://images.unsplash.com/photo-1584917865442-de89df76afd3?w=400&auto=format&fit=crop&q=80
7,Product_7,Accessories,28.24,https://images.unsplash.com/photo-1584917865442-de89df76afd3?w=400&auto=format&fit=crop&q=80
8,Product_8,Accessories,101.54,https://images.unsplash.com/photo-1523206489230-c012c64b2b48?w=400&auto=format&fit=crop&q=80
9,Product_9,Tops,82.72,https://images.unsplash.com/photo-1618354691373-d851c5c3a990?w=400&auto=format&fit=crop&q=80
10,Product_10,Outerwear,177.09,https://images.unsplash.com/photo-1591047139829-d91aecb6caea?w=400&auto=format&fit=crop&q=80
11,Product_11,Accessories,33.49,https://images.unsplash.com/photo-1584917865442-de89df76afd3?w=400&auto=format&fit=crop&q=80
12,Product_12,Bottoms,80.65,https://images.unsplash.com/photo-1582552938357-32b906df40cb?w=400&auto=format&fit=crop&q=80
13,Product_13,Tops,174.96,https://images.unsplash.com/photo-1521572267360-ee0c2909d518?w=400&auto=format&fit=crop&q=80
14,Product_14,Footwear,157.81,https://images.unsplash.com/photo-1549298916-b41d501d3772?w=400&auto=format&fit=crop&q=80
15,Product_15,Outerwear,149.82,https://images.unsplash.com/photo-1551028719-00167b16eac5?w=400&auto=format&fit=crop&q=80
16,Product_16,Bottoms,57.55,https://images.unsplash.com/photo-1541099649105-f69ad21f3246?w=400&auto=format&fit=crop&q=80
17,Product_17,Bottoms,43.2,https://images.unsplash.com/photo-1541099649105-f69ad21f3246?w=400&auto=format&fit=crop&q=80
18,Product_18,Footwear,125.33,https://images.unsplash.com/photo-1595950653106-6c9ebd614d3a?w=400&auto=format&fit=crop&q=80
19,Product_19,Outerwear,168.35,https://images.unsplash.com/photo-1544441893-675973e31985?w=400&auto=format&fit=crop&q=80
20,Product_20,Tops,106.87,https://images.unsplash.com/photo-1503342217505-b0a15ec3261c?w=400&auto=format&fit=crop&q=80
21,Product_21,Dresses,109.32,https://images.unsplash.com/photo-1515372039744-b8f02a3ae446?w=400&auto=format&fit=crop&q=80
22,Product_22,Outerwear,61.2,https://images.unsplash.com/photo-1544441893-675973e31985?w=400&auto=format&fit=crop&q=80
23,Product_23,Footwear,141.97,https://images.unsplash.com/photo-1595950653106-6c9ebd614d3a?w=400&auto=format&fit=crop&q=80
24,Product_24,Bottoms,45.86,https://images.unsplash.com/photo-1541099649105-f69ad21f3246?w=400&auto=format&fit=crop&q=80
25,Product_25,Tops,68.41,https://images.unsplash.com/photo-1503342217505-b0a15ec3261c?w=400&auto=format&fit=crop&q=80
26,Product_26,Outerwear,85.2,https://images.unsplash.com/photo-1551028719-00167b16eac5?w=400&auto=format&fit=crop&q=80
27,Product_27,Dresses,98.76,https://images.unsplash.com/photo-1515372039744-b8f02a3ae446?w=400&auto=format&fit=crop&q=80
28,Product_28,Dresses,55.0,https://images.unsplash.com/photo-1515372039744-b8f02a3ae446?w=400&auto=format&fit=crop&q=80
29,Product_29,Accessories,33.95,https://images.unsplash.com/photo-1523206489230-c012c64b2b48?w=400&auto=format&fit=crop&q=80
30,Product_30,Accessories,115.75,https://images.unsplash.com/photo-1509319117193-57bab727e09d?w=400&auto=format&fit=crop&q=80
31,Product_31,Footwear,62.62,https://images.unsplash.com/photo-1543163521-1bf539c55dd2?w=400&auto=format&fit=crop&q=80
32,Product_32,Outerwear,110.9,https://images.unsplash.com/photo-1551028719-00167b16eac5?w=400&auto=format&fit=crop&q=80
33,Product_33,Outerwear,40.47,https://images.unsplash.com/photo-1544441893-675973e31985?w=400&auto=format&fit=crop&q=80
34,Product_34,Bottoms,94.39,https://images.unsplash.com/photo-1517445312882-bc9910d016b7?w=400&auto=format&fit=crop&q=80
35,Product_35,Bottoms,102.88,https://images.unsplash.com/photo-1541099649105-f69ad21f3246?w=400&auto=format&fit=crop&q=80
36,Product_36,Bottoms,23.55,https://images.unsplash.com/photo-1541099649105-f69ad21f3246?w=400&auto=format&fit=crop&q=80
37,Product_37,Accessories,70.54,https://images.unsplash.com/photo-1509319117193-57bab727e09d?w=400&auto=format&fit=crop&q=80
38,Product_38,Outerwear,37.18,https://images.unsplash.com/photo-1544441893-675973e31985?w=400&auto=format&fit=crop&q=80
39,Product_39,Outerwear,25.46,https://images.unsplash.com/photo-1544441893-675973e31985?w=400&auto=format&fit=crop&q=80
40,Product_40,Dresses,178.34,https://images.unsplash.com/photo-1572804013309-59a88b7e92f1?w=400&auto=format&fit=crop&q=80
41,Product_41,Accessories,68.19,https://images.unsplash.com/photo-1509319117193-57bab727e09d?w=400&auto=format&fit=crop&q=80
42,Product_42,Tops,148.63,https://images.unsplash.com/photo-1618354691373-d851c5c3a990?w=400&auto=format&fit=crop&q=80
43,Product_43,Accessories,57.02,https://images.unsplash.com/photo-1509319117193-57bab727e09d?w=400&auto=format&fit=crop&q=80
44,Product_44,Tops,127.45,https://images.unsplash.com/photo-1521572267360-ee0c2909d518?w=400&auto=format&fit=crop&q=80
45,Product_45,Dresses,140.44,https://images.unsplash.com/photo-1572804013309-59a88b7e92f1?w=400&auto=format&fit=crop&q=80
46,Product_46,Footwear,113.28,https://images.unsplash.com/photo-1549298916-b41d501d3772?w=400&auto=format&fit=crop&q=80
47,Product_47,Outerwear,92.81,https://images.unsplash.com/photo-1551028719-00167b16eac5?w=400&auto=format&fit=crop&q=80
48,Product_48,Dresses,82.95,https://images.unsplash.com/photo-1595777457583-95e059d581b8?w=400&auto=format&fit=crop&q=80
49,Product_49,Outerwear,72.56,https://images.unsplash.com/photo-1544441893-675973e31985?w=400&auto=format&fit=crop&q=80
50,Product_50,Bottoms,168.37,https://images.unsplash.com/photo-1582552938357-32b906df40cb?w=400&auto=format&fit=crop&q=80
51,Product_51,Footwear,152.05,https://images.unsplash.com/photo-1549298916-b41d501d3772?w=400&auto=format&fit=crop&q=80
52,Product_52,Footwear,174.23,https://images.unsplash.com/photo-1549298916-b41d501d3772?w=400&auto=format&fit=crop&q=80
53,Product_53,Dresses,35.51,https://images.unsplash.com/photo-1515372039744-b8f02a3ae446?w=400&auto=format&fit=crop&q=80
54,Product_54,Footwear,135.59,https://images.unsplash.com/photo-1543163521-1bf539c55dd2?w=400&auto=format&fit=crop&q=80
55,Product_55,Tops,169.83,https://images.unsplash.com/photo-1521572267360-ee0c2909d518?w=400&auto=format&fit=crop&q=80
56,Product_56,Footwear,44.9,https://images.unsplash.com/photo-1549298916-b41d501d3772?w=400&auto=format&fit=crop&q=80
57,Product_57,Outerwear,25.97,https://images.unsplash.com/photo-1551028719-00167b16eac5?w=400&auto=format&fit=crop&q=80
58,Product_58,Outerwear,137.28,https://images.unsplash.com/photo-1544441893-675973e31985?w=400&auto=format&fit=crop&q=80
59,Product_59,Outerwear,109.79,https://images.unsplash.com/photo-1551028719-00167b16eac5?w=400&auto=format&fit=crop&q=80
60,Product_60,Outerwear,153.9,https://images.unsplash.com/photo-1591047139829-d91aecb6caea?w=400&auto=format&fit=crop&q=80
61,Product_61,Tops,38.06,https://images.unsplash.com/photo-1503342217505-b0a15ec3261c?w=400&auto=format&fit=crop&q=80
62,Product_62,Accessories,146.22,https://images.unsplash.com/photo-1523206489230-c012c64b2b48?w=400&auto=format&fit=crop&q=80
63,Product_63,Bottoms,48.27,https://images.unsplash.com/photo-1541099649105-f69ad21f3246?w=400&auto=format&fit=crop&q=80
64,Product_64,Dresses,42.0,https://images.unsplash.com/photo-1572804013309-59a88b7e92f1?w=400&auto=format&fit=crop&q=80
65,Product_65,Outerwear,42.1,https://images.unsplash.com/photo-1551028719-00167b16eac5?w=400&auto=format&fit=crop&q=80
66,Product_66,Footwear,149.4,https://images.unsplash.com/photo-1549298916-b41d501d3772?w=400&auto=format&fit=crop&q=80
67,Product_67,Outerwear,124.76,https://images.unsplash.com/photo-1551028719-00167b16eac5?w=400&auto=format&fit=crop&q=80
68,Product_68,Footwear,101.31,https://images.unsplash.com/photo-1543163521-1bf539c55dd2?w=400&auto=format&fit=crop&q=80
69,Product_69,Bottoms,74.21,https://images.unsplash.com/photo-1517445312882-bc9910d016b7?w=400&auto=format&fit=crop&q=80
70,Product_70,Bottoms,159.74,https://images.unsplash.com/photo-1541099649105-f69ad21f3246?w=400&auto=format&fit=crop&q=80
71,Product_71,Bottoms,79.75,https://images.unsplash.com/photo-1517445312882-bc9910d016b7?w=400&auto=format&fit=crop&q=80
72,Product_72,Footwear,149.74,https://images.unsplash.com/photo-1549298916-b41d501d3772?w=400&auto=format&fit=crop&q=80
73,Product_73,Outerwear,87.46,https://images.unsplash.com/photo-1551028719-00167b16eac5?w=400&auto=format&fit=crop&q=80
74,Product_74,Bottoms,77.2,https://images.unsplash.com/photo-1517445312882-bc9910d016b7?w=400&auto=format&fit=crop&q=80
75,Product_75,Tops,91.34,https://images.unsplash.com/photo-1521572267360-ee0c2909d518?w=400&auto=format&fit=crop&q=80
76,Product_76,Footwear,64.73,https://images.unsplash.com/photo-1549298916-b41d501d3772?w=400&auto=format&fit=crop&q=80
77,Product_77,Footwear,138.36,https://images.unsplash.com/photo-1543163521-1bf539c55dd2?w=400&auto=format&fit=crop&q=80
78,Product_78,Outerwear,97.95,https://images.unsplash.com/photo-1551028719-00167b16eac5?w=400&auto=format&fit=crop&q=80
79,Product_79,Footwear,53.32,https://images.unsplash.com/photo-1595950653106-6c9ebd614d3a?w=400&auto=format&fit=crop&q=80
80,Product_80,Footwear,163.43,https://images.unsplash.com/photo-1543163521-1bf539c55dd2?w=400&auto=format&fit=crop&q=80
81,Product_81,Bottoms,78.34,https://images.unsplash.com/photo-1517445312882-bc9910d016b7?w=400&auto=format&fit=crop&q=80
82,Product_82,Outerwear,104.69,https://images.unsplash.com/photo-1551028719-00167b16eac5?w=400&auto=format&fit=crop&q=80
83,Product_83,Bottoms,164.57,https://images.unsplash.com/photo-1517445312882-bc9910d016b7?w=400&auto=format&fit=crop&q=80
84,Product_84,Bottoms,118.0,https://images.unsplash.com/photo-1541099649105-f69ad21f3246?w=400&auto=format&fit=crop&q=80
85,Product_85,Outerwear,34.29,https://images.unsplash.com/photo-1544441893-675973e31985?w=400&auto=format&fit=crop&q=80
86,Product_86,Dresses,170.07,https://images.unsplash.com/photo-1572804013309-59a88b7e92f1?w=400&auto=format&fit=crop&q=80
87,Product_87,Bottoms,118.57,https://images.unsplash.com/photo-1541099649105-f69ad21f3246?w=400&auto=format&fit=crop&q=80
88,Product_88,Tops,70.26,https://images.unsplash.com/photo-1618354691373-d851c5c3a990?w=400&auto=format&fit=crop&q=80
89,Product_89,Tops,37.98,https://images.unsplash.com/photo-1503342217505-b0a15ec3261c?w=400&auto=format&fit=crop&q=80
90,Product_90,Footwear,146.01,https://images.unsplash.com/photo-1549298916-b41d501d3772?w=400&auto=format&fit=crop&q=80
91,Product_91,Tops,117.31,https://images.unsplash.com/photo-1503342217505-b0a15ec3261c?w=400&auto=format&fit=crop&q=80
92,Product_92,Footwear,103.02,https://images.unsplash.com/photo-1595950653106-6c9ebd614d3a?w=400&auto=format&fit=crop&q=80
93,Product_93,Dresses,162.49,https://images.unsplash.com/photo-1515372039744-b8f02a3ae446?w=400&auto=format&fit=crop&q=80
94,Product_94,Outerwear,145.12,https://images.unsplash.com/photo-1551028719-00167b16eac5?w=400&auto=format&fit=crop&q=80
95,Product_95,Outerwear,40.03,https://images.unsplash.com/photo-1551028719-00167b16eac5?w=400&auto=format&fit=crop&q=80
96,Product_96,Outerwear,66.43,https://images.unsplash.com/photo-1551028719-00167b16eac5?w=400&auto=format&fit=crop&q=80
97,Product_97,Tops,56.0,https://images.unsplash.com/photo-1521572267360-ee0c2909d518?w=400&auto=format&fit=crop&q=80
98,Product_98,Dresses,137.75,https://images.unsplash.com/photo-1572804013309-59a88b7e92f1?w=400&auto=format&fit=crop&q=80
99,Product_99,Tops,20.53,https://images.unsplash.com/photo-1521572267360-ee0c2909d518?w=400&auto=format&fit=crop&q=80
100,Product_100,Tops,109.03,https://images.unsplash.com/photo-1618354691373-d851c5c3a990?w=400&auto=format&fit=crop&q=80
101,Product_101,Dresses,140.81,https://images.unsplash.com/photo-1515372039744-b8f02a3ae446?w=400&auto=format&fit=crop&q=80
102,Product_102,Dresses,159.67,https://images.unsplash.com/photo-1515372039744-b8f02a3ae446?w=400&auto=format&fit=crop&q=80
103,Product_103,Dresses,71.44,https://images.unsplash.com/photo-1595777457583-95e059d581b8?w=400&auto=format&fit=crop&q=80
104,Product_104,Dresses,150.51,https://images.unsplash.com/photo-1515372039744-b8f02a3ae446?w=400&auto=format&fit=crop&q=80
105,Product_105,Outerwear,33.25,https://images.unsplash.com/photo-1551028719-00167b16eac5?w=400&auto=format&fit=crop&q=80
106,Product_106,Accessories,154.66,https://images.unsplash.com/photo-1523206489230-c012c64b2b48?w=400&auto=format&fit=crop&q=80
107,Product_107,Accessories,36.04,https://images.unsplash.com/photo-1509319117193-57bab727e09d?w=400&auto=format&fit=crop&q=80
108,Product_108,Dresses,80.55,https://images.unsplash.com/photo-1572804013309-59a88b7e92f1?w=400&auto=format&fit=crop&q=80
109,Product_109,Accessories,146.55,https://images.unsplash.com/photo-1509319117193-57bab727e09d?w=400&auto=format&fit=crop&q=80
110,Product_110,Accessories,39.74,https://images.unsplash.com/photo-1523206489230-c012c64b2b48?w=400&auto=format&fit=crop&q=80
111,Product_111,Dresses,52.83,https://images.unsplash.com/photo-1572804013309-59a88b7e92f1?w=400&auto=format&fit=crop&q=80
112,Product_112,Accessories,134.17,https://images.unsplash.com/photo-1509319117193-57bab727e09d?w=400&auto=format&fit=crop&q=80
113,Product_113,Tops,133.81,https://images.unsplash.com/photo-1503342217505-b0a15ec3261c?w=400&auto=format&fit=crop&q=80
114,Product_114,Footwear,120.79,https://images.unsplash.com/photo-1595950653106-6c9ebd614d3a?w=400&auto=format&fit=crop&q=80
115,Product_115,Footwear,129.5,https://images.unsplash.com/photo-1543163521-1bf539c55dd2?w=400&auto=format&fit=crop&q=80
116,Product_116,Dresses,104.55,https://images.unsplash.com/photo-1572804013309-59a88b7e92f1?w=400&auto=format&fit=crop&q=80
117,Product_117,Outerwear,56.55,https://images.unsplash.com/photo-1544441893-675973e31985?w=400&auto=format&fit=crop&q=80
118,Product_118,Dresses,72.04,https://images.unsplash.com/photo-1595777457583-95e059d581b8?w=400&auto=format&fit=crop&q=80
119,Product_119,Outerwear,44.96,https://images.unsplash.com/photo-1591047139829-d91aecb6caea?w=400&auto=format&fit=crop&q=80
120,Product_120,Footwear,164.89,https://images.unsplash.com/photo-1549298916-b41d501d3772?w=400&auto=format&fit=crop&q=80
121,Product_121,Dresses,111.26,https://images.unsplash.com/photo-1515372039744-b8f02a3ae446?w=400&auto=format&fit=crop&q=80
122,Product_122,Bottoms,81.14,https://images.unsplash.com/photo-1582552938357-32b906df40cb?w=400&auto=format&fit=crop&q=80
123,Product_123,Tops,91.23,https://images.unsplash.com/photo-1503342217505-b0a15ec3261c?w=400&auto=format&fit=crop&q=80
124,Product_124,Accessories,171.3,https://images.unsplash.com/photo-1509319117193-57bab727e09d?w=400&auto=format&fit=crop&q=80
125,Product_125,Outerwear,40.3,https://images.unsplash.com/photo-1591047139829-d91aecb6caea?w=400&auto=format&fit=crop&q=80
126,Product_126,Bottoms,111.73,https://images.unsplash.com/photo-1541099649105-f69ad21f3246?w=400&auto=format&fit=crop&q=80
127,Product_127,Accessories,98.47,https://images.unsplash.com/photo-1509319117193-57bab727e09d?w=400&auto=format&fit=crop&q=80
128,Product_128,Accessories,115.89,https://images.unsplash.com/photo-1509319117193-57bab727e09d?w=400&auto=format&fit=crop&q=80
129,Product_129,Dresses,17.99,https://images.unsplash.com/photo-1595777457583-95e059d581b8?w=400&auto=format&fit=crop&q=80
130,Product_130,Accessories,158.9,https://images.unsplash.com/photo-1509319117193-57bab727e09d?w=400&auto=format&fit=crop&q=80
131,Product_131,Tops,168.8,https://images.unsplash.com/photo-1503342217505-b0a15ec3261c?w=400&auto=format&fit=crop&q=80
132,Product_132,Bottoms,108.25,https://images.unsplash.com/photo-1582552938357-32b906df40cb?w=400&auto=format&fit=crop&q=80
133,Product_133,Accessories,129.95,https://images.unsplash.com/photo-1584917865442-de89df76afd3?w=400&auto=format&fit=crop&q=80
134,Product_134,Dresses,167.21,https://images.unsplash.com/photo-1572804013309-59a88b7e92f1?w=400&auto=format&fit=crop&q=80
135,Product_135,Tops,131.69,https://images.unsplash.com/photo-1503342217505-b0a15ec3261c?w=400&auto=format&fit=crop&q=80
136,Product_136,Footwear,40.17,https://images.unsplash.com/photo-1549298916-b41d501d3772?w=400&auto=format&fit=crop&q=80
137,Product_137,Bottoms,110.09,https://images.unsplash.com/photo-1517445312882-bc9910d016b7?w=400&auto=format&fit=crop&q=80
138,Product_138,Accessories,115.11,https://images.unsplash.com/photo-1584917865442-de89df76afd3?w=400&auto=format&fit=crop&q=80
139,Product_139,Dresses,84.98,https://images.unsplash.com/photo-1572804013309-59a88b7e92f1?w=400&auto=format&fit=crop&q=80
140,Product_140,Footwear,136.51,https://images.unsplash.com/photo-1549298916-b41d501d3772?w=400&auto=format&fit=crop&q=80
141,Product_141,Footwear,169.17,https://images.unsplash.com/photo-1543163521-1bf539c55dd2?w=400&auto=format&fit=crop&q=80
142,Product_142,Outerwear,167.72,https://images.unsplash.com/photo-1544441893-675973e31985?w=400&auto=format&fit=crop&q=80
143,Product_143,Tops,89.39,https://images.unsplash.com/photo-1521572267360-ee0c2909d518?w=400&auto=format&fit=crop&q=80
144,Product_144,Accessories,33.68,https://images.unsplash.com/photo-1584917865442-de89df76afd3?w=400&auto=format&fit=crop&q=80
145,Product_145,Dresses,177.5,https://images.unsplash.com/photo-1595777457583-95e059d581b8?w=400&auto=format&fit=crop&q=80
146,Product_146,Outerwear,153.42,https://images.unsplash.com/photo-1551028719-00167b16eac5?w=400&auto=format&fit=crop&q=80
147,Product_147,Tops,35.57,https://images.unsplash.com/photo-1503342217505-b0a15ec3261c?w=400&auto=format&fit=crop&q=80
148,Product_148,Outerwear,166.94,https://images.unsplash.com/photo-1551028719-00167b16eac5?w=400&auto=format&fit=crop&q=80
149,Product_149,Bottoms,158.53,https://images.unsplash.com/photo-1582552938357-32b906df40cb?w=400&auto=format&fit=crop&q=80
150,Product_150,Tops,100.61,https://images.unsplash.com/photo-1521572267360-ee0c2909d518?w=400&auto=format&fit=crop&q=80
151,Product_151,Tops,112.56,https://images.unsplash.com/photo-1503342217505-b0a15ec3261c?w=400&auto=format&fit=crop&q=80
152,Product_152,Accessories,80.84,https://images.unsplash.com/photo-1523206489230-c012c64b2b48?w=400&auto=format&fit=crop&q=80
153,Product_153,Tops,24.04,https://images.unsplash.com/photo-1618354691373-d851c5c3a990?w=400&auto=format&fit=crop&q=80
154,Product_154,Outerwear,70.31,https://images.unsplash.com/photo-1551028719-00167b16eac5?w=400&auto=format&fit=crop&q=80
155,Product_155,Tops,147.47,https://images.unsplash.com/photo-1521572267360-ee0c2909d518?w=400&auto=format&fit=crop&q=80
156,Product_156,Accessories,15.76,https://images.unsplash.com/photo-1509319117193-57bab727e09d?w=400&auto=format&fit=crop&q=80
157,Product_157,Accessories,70.03,https://images.unsplash.com/photo-1523206489230-c012c64b2b48?w=400&auto=format&fit=crop&q=80
158,Product_158,Bottoms,80.7,https://images.unsplash.com/photo-1541099649105-f69ad21f3246?w=400&auto=format&fit=crop&q=80
159,Product_159,Outerwear,103.67,https://images.unsplash.com/photo-1544441893-675973e31985?w=400&auto=format&fit=crop&q=80
160,Product_160,Footwear,166.78,https://images.unsplash.com/photo-1595950653106-6c9ebd614d3a?w=400&auto=format&fit=crop&q=80
161,Product_161,Footwear,72.15,https://images.unsplash.com/photo-1595950653106-6c9ebd614d3a?w=400&auto=format&fit=crop&q=80
162,Product_162,Tops,72.25,https://images.unsplash.com/photo-1503342217505-b0a15ec3261c?w=400&auto=format&fit=crop&q=80
163,Product_163,Bottoms,136.69,https://images.unsplash.com/photo-1582552938357-32b906df40cb?w=400&auto=format&fit=crop&q=80
164,Product_164,Dresses,89.62,https://images.unsplash.com/photo-1515372039744-b8f02a3ae446?w=400&auto=format&fit=crop&q=80
165,Product_165,Tops,52.06,https://images.unsplash.com/photo-1521572267360-ee0c2909d518?w=400&auto=format&fit=crop&q=80
166,Product_166,Bottoms,89.65,https://images.unsplash.com/photo-1582552938357-32b906df40cb?w=400&auto=format&fit=crop&q=80
167,Product_167,Outerwear,38.24,https://images.unsplash.com/photo-1544441893-675973e31985?w=400&auto=format&fit=crop&q=80
168,Product_168,Outerwear,44.1,https://images.unsplash.com/photo-1591047139829-d91aecb6caea?w=400&auto=format&fit=crop&q=80
169,Product_169,Outerwear,97.23,https://images.unsplash.com/photo-1591047139829-d91aecb6caea?w=400&auto=format&fit=crop&q=80
170,Product_170,Outerwear,84.12,https://images.unsplash.com/photo-1544441893-675973e31985?w=400&auto=format&fit=crop&q=80
171,Product_171,Outerwear,165.95,https://images.unsplash.com/photo-1591047139829-d91aecb6caea?w=400&auto=format&fit=crop&q=80
172,Product_172,Bottoms,74.79,https://images.unsplash.com/photo-1541099649105-f69ad21f3246?w=400&auto=format&fit=crop&q=80
173,Product_173,Bottoms,110.8,https://images.unsplash.com/photo-1541099649105-f69ad21f3246?w=400&auto=format&fit=crop&q=80
174,Product_174,Accessories,119.32,https://images.unsplash.com/photo-1584917865442-de89df76afd3?w=400&auto=format&fit=crop&q=80
175,Product_175,Footwear,17.16,https://images.unsplash.com/photo-1549298916-b41d501d3772?w=400&auto=format&fit=crop&q=80
176,Product_176,Outerwear,124.48,https://images.unsplash.com/photo-1544441893-675973e31985?w=400&auto=format&fit=crop&q=80
177,Product_177,Dresses,44.38,https://images.unsplash.com/photo-1572804013309-59a88b7e92f1?w=400&auto=format&fit=crop&q=80
178,Product_178,Bottoms,173.58,https://images.unsplash.com/photo-1517445312882-bc9910d016b7?w=400&auto=format&fit=crop&q=80
179,Product_179,Dresses,39.53,https://images.unsplash.com/photo-1572804013309-59a88b7e92f1?w=400&auto=format&fit=crop&q=80
180,Product_180,Dresses,83.41,https://images.unsplash.com/photo-1515372039744-b8f02a3ae446?w=400&auto=format&fit=crop&q=80
181,Product_181,Dresses,29.08,https://images.unsplash.com/photo-1572804013309-59a88b7e92f1?w=400&auto=format&fit=crop&q=80
182,Product_182,Accessories,179.48,https://images.unsplash.com/photo-1509319117193-57bab727e09d?w=400&auto=format&fit=crop&q=80
183,Product_183,Bottoms,97.86,https://images.unsplash.com/photo-1541099649105-f69ad21f3246?w=400&auto=format&fit=crop&q=80
184,Product_184,Dresses,113.24,https://images.unsplash.com/photo-1595777457583-95e059d581b8?w=400&auto=format&fit=crop&q=80
185,Product_185,Outerwear,26.07,https://images.unsplash.com/photo-1551028719-00167b16eac5?w=400&auto=format&fit=crop&q=80
186,Product_186,Tops,138.74,https://images.unsplash.com/photo-1521572267360-ee0c2909d518?w=400&auto=format&fit=crop&q=80
187,Product_187,Dresses,49.63,https://images.unsplash.com/photo-1572804013309-59a88b7e92f1?w=400&auto=format&fit=crop&q=80
188,Product_188,Accessories,163.18,https://images.unsplash.com/photo-1523206489230-c012c64b2b48?w=400&auto=format&fit=crop&q=80
189,Product_189,Bottoms,48.85,https://images.unsplash.com/photo-1541099649105-f69ad21f3246?w=400&auto=format&fit=crop&q=80
190,Product_190,Accessories,46.46,https://images.unsplash.com/photo-1584917865442-de89df76afd3?w=400&auto=format&fit=crop&q=80
191,Product_191,Dresses,21.03,https://images.unsplash.com/photo-1572804013309-59a88b7e92f1?w=400&auto=format&fit=crop&q=80
192,Product_192,Bottoms,92.89,https://images.unsplash.com/photo-1582552938357-32b906df40cb?w=400&auto=format&fit=crop&q=80
193,Product_193,Tops,108.2,https://images.unsplash.com/photo-1618354691373-d851c5c3a990?w=400&auto=format&fit=crop&q=80
194,Product_194,Dresses,25.84,https://images.unsplash.com/photo-1572804013309-59a88b7e92f1?w=400&auto=format&fit=crop&q=80
195,Product_195,Accessories,142.96,https://images.unsplash.com/photo-1523206489230-c012c64b2b48?w=400&auto=format&fit=crop&q=80
196,Product_196,Footwear,89.79,https://images.unsplash.com/photo-1543163521-1bf539c55dd2?w=400&auto=format&fit=crop&q=80
197,Product_197,Outerwear,101.52,https://images.unsplash.com/photo-1591047139829-d91aecb6caea?w=400&auto=format&fit=crop&q=80
198,Product_198,Accessories,87.73,https://images.unsplash.com/photo-1523206489230-c012c64b2b48?w=400&auto=format&fit=crop&q=80
199,Product_199,Bottoms,81.13,https://images.unsplash.com/photo-1582552938357-32b906df40cb?w=400&auto=format&fit=crop&q=80
200,Product_200,Dresses,107.34,https://images.unsplash.com/photo-1572804013309-59a88b7e92f1?w=400&auto=format&fit=crop&q=80
201,Product_201,Outerwear,40.61,https://images.unsplash.com/photo-1591047139829-d91aecb6caea?w=400&auto=format&fit=crop&q=80
202,Product_202,Dresses,45.02,https://images.unsplash.com/photo-1572804013309-59a88b7e92f1?w=400&auto=format&fit=crop&q=80
203,Product_203,Bottoms,157.19,https://images.unsplash.com/photo-1517445312882-bc9910d016b7?w=400&auto=format&fit=crop&q=80
204,Product_204,Dresses,171.11,https://images.unsplash.com/photo-1515372039744-b8f02a3ae446?w=400&auto=format&fit=crop&q=80
205,Product_205,Footwear,76.6,https://images.unsplash.com/photo-1543163521-1bf539c55dd2?w=400&auto=format&fit=crop&q=80
206,Product_206,Outerwear,59.67,https://images.unsplash.com/photo-1544441893-675973e31985?w=400&auto=format&fit=crop&q=80
207,Product_207,Outerwear,121.26,https://images.unsplash.com/photo-1591047139829-d91aecb6caea?w=400&auto=format&fit=crop&q=80
208,Product_208,Bottoms,82.44,https://images.unsplash.com/photo-1541099649105-f69ad21f3246?w=400&auto=format&fit=crop&q=80
209,Product_209,Footwear,19.19,https://images.unsplash.com/photo-1543163521-1bf539c55dd2?w=400&auto=format&fit=crop&q=80
210,Product_210,Accessories,40.77,https://images.unsplash.com/photo-1584917865442-de89df76afd3?w=400&auto=format&fit=crop&q=80
211,Product_211,Dresses,133.14,https://images.unsplash.com/photo-1515372039744-b8f02a3ae446?w=400&auto=format&fit=crop&q=80
212,Product_212,Tops,123.72,https://images.unsplash.com/photo-1521572267360-ee0c2909d518?w=400&auto=format&fit=crop&q=80
213,Product_213,Dresses,19.47,https://images.unsplash.com/photo-1572804013309-59a88b7e92f1?w=400&auto=format&fit=crop&q=80
214,Product_214,Dresses,51.63,https://images.unsplash.com/photo-1572804013309-59a88b7e92f1?w=400&auto=format&fit=crop&q=80
215,Product_215,Accessories,53.13,https://images.unsplash.com/photo-1584917865442-de89df76afd3?w=400&auto=format&fit=crop&q=80
216,Product_216,Dresses,125.86,https://images.unsplash.com/photo-1595777457583-95e059d581b8?w=400&auto=format&fit=crop&q=80
217,Product_217,Footwear,18.25,https://images.unsplash.com/photo-1595950653106-6c9ebd614d3a?w=400&auto=format&fit=crop&q=80
218,Product_218,Footwear,32.18,https://images.unsplash.com/photo-1595950653106-6c9ebd614d3a?w=400&auto=format&fit=crop&q=80
219,Product_219,Outerwear,146.99,https://images.unsplash.com/photo-1551028719-00167b16eac5?w=400&auto=format&fit=crop&q=80
220,Product_220,Bottoms,44.46,https://images.unsplash.com/photo-1517445312882-bc9910d016b7?w=400&auto=format&fit=crop&q=80
221,Product_221,Tops,122.7,https://images.unsplash.com/photo-1618354691373-d851c5c3a990?w=400&auto=format&fit=crop&q=80
222,Product_222,Dresses,54.3,https://images.unsplash.com/photo-1595777457583-95e059d581b8?w=400&auto=format&fit=crop&q=80
223,Product_223,Dresses,31.41,https://images.unsplash.com/photo-1572804013309-59a88b7e92f1?w=400&auto=format&fit=crop&q=80
224,Product_224,Accessories,55.12,https://images.unsplash.com/photo-1584917865442-de89df76afd3?w=400&auto=format&fit=crop&q=80
225,Product_225,Bottoms,134.17,https://images.unsplash.com/photo-1582552938357-32b906df40cb?w=400&auto=format&fit=crop&q=80
226,Product_226,Footwear,156.19,https://images.unsplash.com/photo-1549298916-b41d501d3772?w=400&auto=format&fit=crop&q=80
227,Product_227,Tops,151.99,https://images.unsplash.com/photo-1618354691373-d851c5c3a990?w=400&auto=format&fit=crop&q=80
228,Product_228,Outerwear,80.54,https://images.unsplash.com/photo-1551028719-00167b16eac5?w=400&auto=format&fit=crop&q=80
229,Product_229,Footwear,125.23,https://images.unsplash.com/photo-1543163521-1bf539c55dd2?w=400&auto=format&fit=crop&q=80
230,Product_230,Bottoms,48.82,https://images.unsplash.com/photo-1517445312882-bc9910d016b7?w=400&auto=format&fit=crop&q=80
231,Product_231,Outerwear,63.37,https://images.unsplash.com/photo-1544441893-675973e31985?w=400&auto=format&fit=crop&q=80
232,Product_232,Accessories,162.9,https://images.unsplash.com/photo-1509319117193-57bab727e09d?w=400&auto=format&fit=crop&q=80
233,Product_233,Accessories,17.15,https://images.unsplash.com/photo-1523206489230-c012c64b2b48?w=400&auto=format&fit=crop&q=80
234,Product_234,Dresses,29.11,https://images.unsplash.com/photo-1572804013309-59a88b7e92f1?w=400&auto=format&fit=crop&q=80
235,Product_235,Bottoms,49.3,https://images.unsplash.com/photo-1541099649105-f69ad21f3246?w=400&auto=format&fit=crop&q=80
236,Product_236,Tops,19.38,https://images.unsplash.com/photo-1503342217505-b0a15ec3261c?w=400&auto=format&fit=crop&q=80
237,Product_237,Outerwear,44.94,https://images.unsplash.com/photo-1551028719-00167b16eac5?w=400&auto=format&fit=crop&q=80
238,Product_238,Footwear,111.2,https://images.unsplash.com/photo-1543163521-1bf539c55dd2?w=400&auto=format&fit=crop&q=80
239,Product_239,Bottoms,84.54,https://images.unsplash.com/photo-1541099649105-f69ad21f3246?w=400&auto=format&fit=crop&q=80
240,Product_240,Bottoms,162.29,https://images.unsplash.com/photo-1582552938357-32b906df40cb?w=400&auto=format&fit=crop&q=80
241,Product_241,Accessories,149.88,https://images.unsplash.com/photo-1509319117193-57bab727e09d?w=400&auto=format&fit=crop&q=80
242,Product_242,Dresses,71.4,https://images.unsplash.com/photo-1572804013309-59a88b7e92f1?w=400&auto=format&fit=crop&q=80
243,Product_243,Dresses,57.8,https://images.unsplash.com/photo-1595777457583-95e059d581b8?w=400&auto=format&fit=crop&q=80
244,Product_244,Outerwear,77.65,https://images.unsplash.com/photo-1544441893-675973e31985?w=400&auto=format&fit=crop&q=80
245,Product_245,Accessories,112.4,https://images.unsplash.com/photo-1509319117193-57bab727e09d?w=400&auto=format&fit=crop&q=80
246,Product_246,Bottoms,59.23,https://images.unsplash.com/photo-1541099649105-f69ad21f3246?w=400&auto=format&fit=crop&q=80
247,Product_247,Tops,117.98,https://images.unsplash.com/photo-1521572267360-ee0c2909d518?w=400&auto=format&fit=crop&q=80
248,Product_248,Accessories,82.55,https://images.unsplash.com/photo-1523206489230-c012c64b2b48?w=400&auto=format&fit=crop&q=80
249,Product_249,Outerwear,106.09,https://images.unsplash.com/photo-1544441893-675973e31985?w=400&auto=format&fit=crop&q=80
250,Product_250,Outerwear,86.96,https://images.unsplash.com/photo-1544441893-675973e31985?w=400&auto=format&fit=crop&q=80
251,Product_251,Accessories,63.59,https://images.unsplash.com/photo-1584917865442-de89df76afd3?w=400&auto=format&fit=crop&q=80
252,Product_252,Outerwear,171.49,https://images.unsplash.com/photo-1544441893-675973e31985?w=400&auto=format&fit=crop&q=80
253,Product_253,Accessories,140.99,https://images.unsplash.com/photo-1509319117193-57bab727e09d?w=400&auto=format&fit=crop&q=80
254,Product_254,Footwear,38.12,https://images.unsplash.com/photo-1543163521-1bf539c55dd2?w=400&auto=format&fit=crop&q=80
255,Product_255,Accessories,158.3,https://images.unsplash.com/photo-1523206489230-c012c64b2b48?w=400&auto=format&fit=crop&q=80
256,Product_256,Accessories,95.43,https://images.unsplash.com/photo-1509319117193-57bab727e09d?w=400&auto=format&fit=crop&q=80
257,Product_257,Outerwear,162.6,https://images.unsplash.com/photo-1551028719-00167b16eac5?w=400&auto=format&fit=crop&q=80
258,Product_258,Outerwear,146.98,https://images.unsplash.com/photo-1544441893-675973e31985?w=400&auto=format&fit=crop&q=80
259,Product_259,Dresses,85.16,https://images.unsplash.com/photo-1572804013309-59a88b7e92f1?w=400&auto=format&fit=crop&q=80
260,Product_260,Dresses,18.71,https://images.unsplash.com/photo-1595777457583-95e059d581b8?w=400&auto=format&fit=crop&q=80
261,Product_261,Footwear,59.33,https://images.unsplash.com/photo-1595950653106-6c9ebd614d3a?w=400&auto=format&fit=crop&q=80
262,Product_262,Dresses,104.37,https://images.unsplash.com/photo-1572804013309-59a88b7e92f1?w=400&auto=format&fit=crop&q=80
263,Product_263,Accessories,119.52,https://images.unsplash.com/photo-1509319117193-57bab727e09d?w=400&auto=format&fit=crop&q=80
264,Product_264,Outerwear,57.55,https://images.unsplash.com/photo-1551028719-00167b16eac5?w=400&auto=format&fit=crop&q=80
265,Product_265,Dresses,37.99,https://images.unsplash.com/photo-1595777457583-95e059d581b8?w=400&auto=format&fit=crop&q=80
266,Product_266,Dresses,152.76,https://images.unsplash.com/photo-1515372039744-b8f02a3ae446?w=400&auto=format&fit=crop&q=80
267,Product_267,Footwear,177.43,https://images.unsplash.com/photo-1543163521-1bf539c55dd2?w=400&auto=format&fit=crop&q=80
268,Product_268,Bottoms,101.74,https://images.unsplash.com/photo-1582552938357-32b906df40cb?w=400&auto=format&fit=crop&q=80
269,Product_269,Footwear,43.33,https://images.unsplash.com/photo-1595950653106-6c9ebd614d3a?w=400&auto=format&fit=crop&q=80
270,Product_270,Accessories,59.93,https://images.unsplash.com/photo-1509319117193-57bab727e09d?w=400&auto=format&fit=crop&q=80
271,Product_271,Outerwear,18.03,https://images.unsplash.com/photo-1551028719-00167b16eac5?w=400&auto=format&fit=crop&q=80
272,Product_272,Footwear,165.86,https://images.unsplash.com/photo-1543163521-1bf539c55dd2?w=400&auto=format&fit=crop&q=80
273,Product_273,Dresses,34.43,https://images.unsplash.com/photo-1572804013309-59a88b7e92f1?w=400&auto=format&fit=crop&q=80
274,Product_274,Outerwear,110.13,https://images.unsplash.com/photo-1544441893-675973e31985?w=400&auto=format&fit=crop&q=80
275,Product_275,Outerwear,60.22,https://images.unsplash.com/photo-1551028719-00167b16eac5?w=400&auto=format&fit=crop&q=80
276,Product_276,Dresses,106.44,https://images.unsplash.com/photo-1515372039744-b8f02a3ae446?w=400&auto=format&fit=crop&q=80
277,Product_277,Footwear,122.48,https://images.unsplash.com/photo-1595950653106-6c9ebd614d3a?w=400&auto=format&fit=crop&q=80
278,Product_278,Dresses,151.91,https://images.unsplash.com/photo-1572804013309-59a88b7e92f1?w=400&auto=format&fit=crop&q=80
279,Product_279,Bottoms,49.06,https://images.unsplash.com/photo-1541099649105-f69ad21f3246?w=400&auto=format&fit=crop&q=80
280,Product_280,Outerwear,16.81,https://images.unsplash.com/photo-1591047139829-d91aecb6caea?w=400&auto=format&fit=crop&q=80
281,Product_281,Tops,37.59,https://images.unsplash.com/photo-1618354691373-d851c5c3a990?w=400&auto=format&fit=crop&q=80
282,Product_282,Tops,163.5,https://images.unsplash.com/photo-1503342217505-b0a15ec3261c?w=400&auto=format&fit=crop&q=80
283,Product_283,Accessories,159.19,https://images.unsplash.com/photo-1523206489230-c012c64b2b48?w=400&auto=format&fit=crop&q=80
284,Product_284,Dresses,113.57,https://images.unsplash.com/photo-1515372039744-b8f02a3ae446?w=400&auto=format&fit=crop&q=80
285,Product_285,Dresses,114.09,https://images.unsplash.com/photo-1572804013309-59a88b7e92f1?w=400&auto=format&fit=crop&q=80
286,Product_286,Accessories,124.73,https://images.unsplash.com/photo-1584917865442-de89df76afd3?w=400&auto=format&fit=crop&q=80
287,Product_287,Accessories,43.94,https://images.unsplash.com/photo-1509319117193-57bab727e09d?w=400&auto=format&fit=crop&q=80
288,Product_288,Accessories,165.88,https://images.unsplash.com/photo-1523206489230-c012c64b2b48?w=400&auto=format&fit=crop&q=80
289,Product_289,Outerwear,84.1,https://images.unsplash.com/photo-1591047139829-d91aecb6caea?w=400&auto=format&fit=crop&q=80
290,Product_290,Bottoms,78.22,https://images.unsplash.com/photo-1541099649105-f69ad21f3246?w=400&auto=format&fit=crop&q=80
291,Product_291,Dresses,100.62,https://images.unsplash.com/photo-1572804013309-59a88b7e92f1?w=400&auto=format&fit=crop&q=80
292,Product_292,Outerwear,22.75,https://images.unsplash.com/photo-1551028719-00167b16eac5?w=400&auto=format&fit=crop&q=80
293,Product_293,Accessories,42.44,https://images.unsplash.com/photo-1584917865442-de89df76afd3?w=400&auto=format&fit=crop&q=80
294,Product_294,Dresses,136.78,https://images.unsplash.com/photo-1595777457583-95e059d581b8?w=400&auto=format&fit=crop&q=80
295,Product_295,Outerwear,28.66,https://images.unsplash.com/photo-1591047139829-d91aecb6caea?w=400&auto=format&fit=crop&q=80
296,Product_296,Bottoms,114.52,https://images.unsplash.com/photo-1541099649105-f69ad21f3246?w=400&auto=format&fit=crop&q=80
297,Product_297,Outerwear,55.48,https://images.unsplash.com/photo-1551028719-00167b16eac5?w=400&auto=format&fit=crop&q=80
298,Product_298,Bottoms,79.23,https://images.unsplash.com/photo-1582552938357-32b906df40cb?w=400&auto=format&fit=crop&q=80
299,Product_299,Accessories,62.63,https://images.unsplash.com/photo-1523206489230-c012c64b2b48?w=400&auto=format&fit=crop&q=80
300,Product_300,Bottoms,73.69,https://images.unsplash.com/photo-1582552938357-32b906df40cb?w=400&auto=format&fit=crop&q=80
301,Product_301,Dresses,133.64,https://images.unsplash.com/photo-1572804013309-59a88b7e92f1?w=400&auto=format&fit=crop&q=80
302,Product_302,Accessories,64.03,https://images.unsplash.com/photo-1509319117193-57bab727e09d?w=400&auto=format&fit=crop&q=80
303,Product_303,Dresses,108.46,https://images.unsplash.com/photo-1572804013309-59a88b7e92f1?w=400&auto=format&fit=crop&q=80
304,Product_304,Tops,93.55,https://images.unsplash.com/photo-1503342217505-b0a15ec3261c?w=400&auto=format&fit=crop&q=80
305,Product_305,Footwear,124.51,https://images.unsplash.com/photo-1549298916-b41d501d3772?w=400&auto=format&fit=crop&q=80
306,Product_306,Bottoms,169.58,https://images.unsplash.com/photo-1541099649105-f69ad21f3246?w=400&auto=format&fit=crop&q=80
307,Product_307,Footwear,135.87,https://images.unsplash.com/photo-1543163521-1bf539c55dd2?w=400&auto=format&fit=crop&q=80
308,Product_308,Footwear,50.47,https://images.unsplash.com/photo-1549298916-b41d501d3772?w=400&auto=format&fit=crop&q=80
309,Product_309,Bottoms,20.15,https://images.unsplash.com/photo-1517445312882-bc9910d016b7?w=400&auto=format&fit=crop&q=80
310,Product_310,Accessories,58.27,https://images.unsplash.com/photo-1509319117193-57bab727e09d?w=400&auto=format&fit=crop&q=80
311,Product_311,Tops,113.19,https://images.unsplash.com/photo-1618354691373-d851c5c3a990?w=400&auto=format&fit=crop&q=80
312,Product_312,Dresses,23.49,https://images.unsplash.com/photo-1595777457583-95e059d581b8?w=400&auto=format&fit=crop&q=80
313,Product_313,Outerwear,96.9,https://images.unsplash.com/photo-1544441893-675973e31985?w=400&auto=format&fit=crop&q=80
314,Product_314,Dresses,113.48,https://images.unsplash.com/photo-1595777457583-95e059d581b8?w=400&auto=format&fit=crop&q=80
315,Product_315,Outerwear,70.15,https://images.unsplash.com/photo-1544441893-675973e31985?w=400&auto=format&fit=crop&q=80
316,Product_316,Dresses,142.2,https://images.unsplash.com/photo-1515372039744-b8f02a3ae446?w=400&auto=format&fit=crop&q=80
317,Product_317,Bottoms,32.59,https://images.unsplash.com/photo-1517445312882-bc9910d016b7?w=400&auto=format&fit=crop&q=80
318,Product_318,Tops,27.4,https://images.unsplash.com/photo-1618354691373-d851c5c3a990?w=400&auto=format&fit=crop&q=80
319,Product_319,Outerwear,135.15,https://images.unsplash.com/photo-1551028719-00167b16eac5?w=400&auto=format&fit=crop&q=80
320,Product_320,Accessories,96.76,https://images.unsplash.com/photo-1584917865442-de89df76afd3?w=400&auto=format&fit=crop&q=80
321,Product_321,Dresses,128.59,https://images.unsplash.com/photo-1572804013309-59a88b7e92f1?w=400&auto=format&fit=crop&q=80
322,Product_322,Dresses,86.75,https://images.unsplash.com/photo-1595777457583-95e059d581b8?w=400&auto=format&fit=crop&q=80
323,Product_323,Outerwear,55.66,https://images.unsplash.com/photo-1544441893-675973e31985?w=400&auto=format&fit=crop&q=80
324,Product_324,Accessories,150.15,https://images.unsplash.com/photo-1509319117193-57bab727e09d?w=400&auto=format&fit=crop&q=80
325,Product_325,Accessories,146.9,https://images.unsplash.com/photo-1523206489230-c012c64b2b48?w=400&auto=format&fit=crop&q=80
326,Product_326,Bottoms,129.62,https://images.unsplash.com/photo-1541099649105-f69ad21f3246?w=400&auto=format&fit=crop&q=80
327,Product_327,Bottoms,59.9,https://images.unsplash.com/photo-1517445312882-bc9910d016b7?w=400&auto=format&fit=crop&q=80
328,Product_328,Bottoms,112.39,https://images.unsplash.com/photo-1517445312882-bc9910d016b7?w=400&auto=format&fit=crop&q=80
329,Product_329,Bottoms,74.56,https://images.unsplash.com/photo-1517445312882-bc9910d016b7?w=400&auto=format&fit=crop&q=80
330,Product_330,Bottoms,30.11,https://images.unsplash.com/photo-1517445312882-bc9910d016b7?w=400&auto=format&fit=crop&q=80
331,Product_331,Bottoms,166.36,https://images.unsplash.com/photo-1541099649105-f69ad21f3246?w=400&auto=format&fit=crop&q=80
332,Product_332,Tops,37.58,https://images.unsplash.com/photo-1503342217505-b0a15ec3261c?w=400&auto=format&fit=crop&q=80
333,Product_333,Accessories,171.79,https://images.unsplash.com/photo-1584917865442-de89df76afd3?w=400&auto=format&fit=crop&q=80
334,Product_334,Bottoms,88.59,https://images.unsplash.com/photo-1582552938357-32b906df40cb?w=400&auto=format&fit=crop&q=80
335,Product_335,Accessories,45.55,https://images.unsplash.com/photo-1509319117193-57bab727e09d?w=400&auto=format&fit=crop&q=80
336,Product_336,Accessories,104.41,https://images.unsplash.com/photo-1509319117193-57bab727e09d?w=400&auto=format&fit=crop&q=80
337,Product_337,Footwear,159.04,https://images.unsplash.com/photo-1595950653106-6c9ebd614d3a?w=400&auto=format&fit=crop&q=80
338,Product_338,Tops,135.82,https://images.unsplash.com/photo-1618354691373-d851c5c3a990?w=400&auto=format&fit=crop&q=80
339,Product_339,Bottoms,148.08,https://images.unsplash.com/photo-1582552938357-32b906df40cb?w=400&auto=format&fit=crop&q=80
340,Product_340,Dresses,123.7,https://images.unsplash.com/photo-1595777457583-95e059d581b8?w=400&auto=format&fit=crop&q=80
341,Product_341,Outerwear,129.23,https://images.unsplash.com/photo-1544441893-675973e31985?w=400&auto=format&fit=crop&q=80
342,Product_342,Dresses,155.12,https://images.unsplash.com/photo-1595777457583-95e059d581b8?w=400&auto=format&fit=crop&q=80
343,Product_343,Tops,56.2,https://images.unsplash.com/photo-1618354691373-d851c5c3a990?w=400&auto=format&fit=crop&q=80
344,Product_344,Outerwear,95.76,https://images.unsplash.com/photo-1544441893-675973e31985?w=400&auto=format&fit=crop&q=80
345,Product_345,Tops,51.5,https://images.unsplash.com/photo-1521572267360-ee0c2909d518?w=400&auto=format&fit=crop&q=80
346,Product_346,Accessories,177.97,https://images.unsplash.com/photo-1509319117193-57bab727e09d?w=400&auto=format&fit=crop&q=80
347,Product_347,Outerwear,170.77,https://images.unsplash.com/photo-1591047139829-d91aecb6caea?w=400&auto=format&fit=crop&q=80
348,Product_348,Accessories,21.51,https://images.unsplash.com/photo-1509319117193-57bab727e09d?w=400&auto=format&fit=crop&q=80
349,Product_349,Dresses,131.42,https://images.unsplash.com/photo-1595777457583-95e059d581b8?w=400&auto=format&fit=crop&q=80
350,Product_350,Dresses,167.67,https://images.unsplash.com/photo-1572804013309-59a88b7e92f1?w=400&auto=format&fit=crop&q=80
351,Product_351,Outerwear,44.79,https://images.unsplash.com/photo-1544441893-675973e31985?w=400&auto=format&fit=crop&q=80
352,Product_352,Outerwear,108.71,https://images.unsplash.com/photo-1551028719-00167b16eac5?w=400&auto=format&fit=crop&q=80
353,Product_353,Bottoms,166.06,https://images.unsplash.com/photo-1517445312882-bc9910d016b7?w=400&auto=format&fit=crop&q=80
354,Product_354,Tops,20.6,https://images.unsplash.com/photo-1618354691373-d851c5c3a990?w=400&auto=format&fit=crop&q=80
355,Product_355,Bottoms,130.07,https://images.unsplash.com/photo-1517445312882-bc9910d016b7?w=400&auto=format&fit=crop&q=80
356,Product_356,Tops,64.06,https://images.unsplash.com/photo-1618354691373-d851c5c3a990?w=400&auto=format&fit=crop&q=80
357,Product_357,Bottoms,167.53,https://images.unsplash.com/photo-1517445312882-bc9910d016b7?w=400&auto=format&fit=crop&q=80
358,Product_358,Accessories,175.22,https://images.unsplash.com/photo-1523206489230-c012c64b2b48?w=400&auto=format&fit=crop&q=80
359,Product_359,Outerwear,170.8,https://images.unsplash.com/photo-1551028719-00167b16eac5?w=400&auto=format&fit=crop&q=80
360,Product_360,Dresses,93.25,https://images.unsplash.com/photo-1572804013309-59a88b7e92f1?w=400&auto=format&fit=crop&q=80
361,Product_361,Tops,157.24,https://images.unsplash.com/photo-1618354691373-d851c5c3a990?w=400&auto=format&fit=crop&q=80
362,Product_362,Tops,154.35,https://images.unsplash.com/photo-1503342217505-b0a15ec3261c?w=400&auto=format&fit=crop&q=80
363,Product_363,Dresses,67.65,https://images.unsplash.com/photo-1595777457583-95e059d581b8?w=400&auto=format&fit=crop&q=80
364,Product_364,Bottoms,151.77,https://images.unsplash.com/photo-1541099649105-f69ad21f3246?w=400&auto=format&fit=crop&q=80
365,Product_365,Tops,21.11,https://images.unsplash.com/photo-1503342217505-b0a15ec3261c?w=400&auto=format&fit=crop&q=80
366,Product_366,Accessories,113.38,https://images.unsplash.com/photo-1584917865442-de89df76afd3?w=400&auto=format&fit=crop&q=80
367,Product_367,Outerwear,52.95,https://images.unsplash.com/photo-1544441893-675973e31985?w=400&auto=format&fit=crop&q=80
368,Product_368,Dresses,34.89,https://images.unsplash.com/photo-1572804013309-59a88b7e92f1?w=400&auto=format&fit=crop&q=80
369,Product_369,Outerwear,27.7,https://images.unsplash.com/photo-1544441893-675973e31985?w=400&auto=format&fit=crop&q=80
370,Product_370,Tops,129.89,https://images.unsplash.com/photo-1503342217505-b0a15ec3261c?w=400&auto=format&fit=crop&q=80
371,Product_371,Tops,71.08,https://images.unsplash.com/photo-1618354691373-d851c5c3a990?w=400&auto=format&fit=crop&q=80
372,Product_372,Dresses,134.59,https://images.unsplash.com/photo-1515372039744-b8f02a3ae446?w=400&auto=format&fit=crop&q=80
373,Product_373,Accessories,25.78,https://images.unsplash.com/photo-1509319117193-57bab727e09d?w=400&auto=format&fit=crop&q=80
374,Product_374,Footwear,67.02,https://images.unsplash.com/photo-1595950653106-6c9ebd614d3a?w=400&auto=format&fit=crop&q=80
375,Product_375,Dresses,104.02,https://images.unsplash.com/photo-1515372039744-b8f02a3ae446?w=400&auto=format&fit=crop&q=80
376,Product_376,Footwear,145.47,https://images.unsplash.com/photo-1595950653106-6c9ebd614d3a?w=400&auto=format&fit=crop&q=80
377,Product_377,Bottoms,67.59,https://images.unsplash.com/photo-1541099649105-f69ad21f3246?w=400&auto=format&fit=crop&q=80
378,Product_378,Footwear,118.27,https://images.unsplash.com/photo-1595950653106-6c9ebd614d3a?w=400&auto=format&fit=crop&q=80
379,Product_379,Accessories,161.19,https://images.unsplash.com/photo-1509319117193-57bab727e09d?w=400&auto=format&fit=crop&q=80
380,Product_380,Bottoms,116.62,https://images.unsplash.com/photo-1517445312882-bc9910d016b7?w=400&auto=format&fit=crop&q=80
381,Product_381,Footwear,53.44,https://images.unsplash.com/photo-1595950653106-6c9ebd614d3a?w=400&auto=format&fit=crop&q=80
382,Product_382,Bottoms,19.03,https://images.unsplash.com/photo-1582552938357-32b906df40cb?w=400&auto=format&fit=crop&q=80
383,Product_383,Footwear,158.57,https://images.unsplash.com/photo-1543163521-1bf539c55dd2?w=400&auto=format&fit=crop&q=80
384,Product_384,Accessories,18.51,https://images.unsplash.com/photo-1509319117193-57bab727e09d?w=400&auto=format&fit=crop&q=80
385,Product_385,Footwear,159.33,https://images.unsplash.com/photo-1595950653106-6c9ebd614d3a?w=400&auto=format&fit=crop&q=80
386,Product_386,Footwear,102.27,https://images.unsplash.com/photo-1595950653106-6c9ebd614d3a?w=400&auto=format&fit=crop&q=80
387,Product_387,Footwear,169.95,https://images.unsplash.com/photo-1543163521-1bf539c55dd2?w=400&auto=format&fit=crop&q=80
388,Product_388,Dresses,146.8,https://images.unsplash.com/photo-1595777457583-95e059d581b8?w=400&auto=format&fit=crop&q=80
389,Product_389,Dresses,179.66,https://images.unsplash.com/photo-1572804013309-59a88b7e92f1?w=400&auto=format&fit=crop&q=80
390,Product_390,Dresses,72.87,https://images.unsplash.com/photo-1595777457583-95e059d581b8?w=400&auto=format&fit=crop&q=80
391,Product_391,Accessories,141.59,https://images.unsplash.com/photo-1509319117193-57bab727e09d?w=400&auto=format&fit=crop&q=80
392,Product_392,Bottoms,81.32,https://images.unsplash.com/photo-1517445312882-bc9910d016b7?w=400&auto=format&fit=crop&q=80
393,Product_393,Tops,94.18,https://images.unsplash.com/photo-1503342217505-b0a15ec3261c?w=400&auto=format&fit=crop&q=80
394,Product_394,Footwear,118.54,https://images.unsplash.com/photo-1543163521-1bf539c55dd2?w=400&auto=format&fit=crop&q=80
395,Product_395,Footwear,159.16,https://images.unsplash.com/photo-1549298916-b41d501d3772?w=400&auto=format&fit=crop&q=80
396,Product_396,Accessories,177.37,https://images.unsplash.com/photo-1584917865442-de89df76afd3?w=400&auto=format&fit=crop&q=80
397,Product_397,Footwear,141.77,https://images.unsplash.com/photo-1543163521-1bf539c55dd2?w=400&auto=format&fit=crop&q=80
398,Product_398,Dresses,83.93,https://images.unsplash.com/photo-1595777457583-95e059d581b8?w=400&auto=format&fit=crop&q=80
399,Product_399,Tops,84.52,https://images.unsplash.com/photo-1503342217505-b0a15ec3261c?w=400&auto=format&fit=crop&q=80
400,Product_400,Outerwear,136.7,https://images.unsplash.com/photo-1544441893-675973e31985?w=400&auto=format&fit=crop&q=80
401,Product_401,Footwear,54.4,https://images.unsplash.com/photo-1543163521-1bf539c55dd2?w=400&auto=format&fit=crop&q=80
402,Product_402,Dresses,33.23,https://images.unsplash.com/photo-1572804013309-59a88b7e92f1?w=400&auto=format&fit=crop&q=80
403,Product_403,Outerwear,73.51,https://images.unsplash.com/photo-1551028719-00167b16eac5?w=400&auto=format&fit=crop&q=80
404,Product_404,Tops,62.39,https://images.unsplash.com/photo-1618354691373-d851c5c3a990?w=400&auto=format&fit=crop&q=80
405,Product_405,Outerwear,63.89,https://images.unsplash.com/photo-1544441893-675973e31985?w=400&auto=format&fit=crop&q=80
406,Product_406,Dresses,53.55,https://images.unsplash.com/photo-1595777457583-95e059d581b8?w=400&auto=format&fit=crop&q=80
407,Product_407,Bottoms,21.95,https://images.unsplash.com/photo-1541099649105-f69ad21f3246?w=400&auto=format&fit=crop&q=80
408,Product_408,Bottoms,17.95,https://images.unsplash.com/photo-1582552938357-32b906df40cb?w=400&auto=format&fit=crop&q=80
409,Product_409,Outerwear,177.97,https://images.unsplash.com/photo-1544441893-675973e31985?w=400&auto=format&fit=crop&q=80
410,Product_410,Accessories,85.58,https://images.unsplash.com/photo-1523206489230-c012c64b2b48?w=400&auto=format&fit=crop&q=80
411,Product_411,Outerwear,78.41,https://images.unsplash.com/photo-1591047139829-d91aecb6caea?w=400&auto=format&fit=crop&q=80
412,Product_412,Footwear,127.14,https://images.unsplash.com/photo-1543163521-1bf539c55dd2?w=400&auto=format&fit=crop&q=80
413,Product_413,Footwear,51.01,https://images.unsplash.com/photo-1549298916-b41d501d3772?w=400&auto=format&fit=crop&q=80
414,Product_414,Bottoms,171.74,https://images.unsplash.com/photo-1541099649105-f69ad21f3246?w=400&auto=format&fit=crop&q=80
415,Product_415,Accessories,144.75,https://images.unsplash.com/photo-1509319117193-57bab727e09d?w=400&auto=format&fit=crop&q=80
416,Product_416,Dresses,29.75,https://images.unsplash.com/photo-1572804013309-59a88b7e92f1?w=400&auto=format&fit=crop&q=80
417,Product_417,Footwear,83.9,https://images.unsplash.com/photo-1549298916-b41d501d3772?w=400&auto=format&fit=crop&q=80
418,Product_418,Bottoms,160.05,https://images.unsplash.com/photo-1517445312882-bc9910d016b7?w=400&auto=format&fit=crop&q=80
419,Product_419,Tops,170.88,https://images.unsplash.com/photo-1618354691373-d851c5c3a990?w=400&auto=format&fit=crop&q=80
420,Product_420,Bottoms,92.12,https://images.unsplash.com/photo-1517445312882-bc9910d016b7?w=400&auto=format&fit=crop&q=80
421,Product_421,Footwear,116.21,https://images.unsplash.com/photo-1595950653106-6c9ebd614d3a?w=400&auto=format&fit=crop&q=80
422,Product_422,Footwear,42.56,https://images.unsplash.com/photo-1543163521-1bf539c55dd2?w=400&auto=format&fit=crop&q=80
423,Product_423,Bottoms,178.54,https://images.unsplash.com/photo-1541099649105-f69ad21f3246?w=400&auto=format&fit=crop&q=80
424,Product_424,Dresses,53.23,https://images.unsplash.com/photo-1595777457583-95e059d581b8?w=400&auto=format&fit=crop&q=80
425,Product_425,Outerwear,170.55,https://images.unsplash.com/photo-1551028719-00167b16eac5?w=400&auto=format&fit=crop&q=80
426,Product_426,Footwear,122.19,https://images.unsplash.com/photo-1543163521-1bf539c55dd2?w=400&auto=format&fit=crop&q=80
427,Product_427,Bottoms,115.28,https://images.unsplash.com/photo-1517445312882-bc9910d016b7?w=400&auto=format&fit=crop&q=80
428,Product_428,Bottoms,99.59,https://images.unsplash.com/photo-1541099649105-f69ad21f3246?w=400&auto=format&fit=crop&q=80
429,Product_429,Accessories,53.06,https://images.unsplash.com/photo-1509319117193-57bab727e09d?w=400&auto=format&fit=crop&q=80
430,Product_430,Outerwear,44.13,https://images.unsplash.com/photo-1591047139829-d91aecb6caea?w=400&auto=format&fit=crop&q=80
431,Product_431,Tops,51.38,https://images.unsplash.com/photo-1521572267360-ee0c2909d518?w=400&auto=format&fit=crop&q=80
432,Product_432,Dresses,45.76,https://images.unsplash.com/photo-1595777457583-95e059d581b8?w=400&auto=format&fit=crop&q=80
433,Product_433,Tops,143.63,https://images.unsplash.com/photo-1618354691373-d851c5c3a990?w=400&auto=format&fit=crop&q=80
434,Product_434,Outerwear,72.77,https://images.unsplash.com/photo-1544441893-675973e31985?w=400&auto=format&fit=crop&q=80
435,Product_435,Outerwear,24.54,https://images.unsplash.com/photo-1591047139829-d91aecb6caea?w=400&auto=format&fit=crop&q=80
436,Product_436,Outerwear,174.9,https://images.unsplash.com/photo-1544441893-675973e31985?w=400&auto=format&fit=crop&q=80
437,Product_437,Tops,160.82,https://images.unsplash.com/photo-1618354691373-d851c5c3a990?w=400&auto=format&fit=crop&q=80
438,Product_438,Outerwear,168.08,https://images.unsplash.com/photo-1551028719-00167b16eac5?w=400&auto=format&fit=crop&q=80
439,Product_439,Bottoms,179.16,https://images.unsplash.com/photo-1582552938357-32b906df40cb?w=400&auto=format&fit=crop&q=80
440,Product_440,Tops,43.69,https://images.unsplash.com/photo-1618354691373-d851c5c3a990?w=400&auto=format&fit=crop&q=80
441,Product_441,Outerwear,80.38,https://images.unsplash.com/photo-1591047139829-d91aecb6caea?w=400&auto=format&fit=crop&q=80
442,Product_442,Bottoms,140.11,https://images.unsplash.com/photo-1517445312882-bc9910d016b7?w=400&auto=format&fit=crop&q=80
443,Product_443,Accessories,129.84,https://images.unsplash.com/photo-1509319117193-57bab727e09d?w=400&auto=format&fit=crop&q=80
444,Product_444,Outerwear,40.39,https://images.unsplash.com/photo-1591047139829-d91aecb6caea?w=400&auto=format&fit=crop&q=80
445,Product_445,Tops,149.61,https://images.unsplash.com/photo-1521572267360-ee0c2909d518?w=400&auto=format&fit=crop&q=80
446,Product_446,Footwear,52.03,https://images.unsplash.com/photo-1595950653106-6c9ebd614d3a?w=400&auto=format&fit=crop&q=80
447,Product_447,Outerwear,51.93,https://images.unsplash.com/photo-1544441893-675973e31985?w=400&auto=format&fit=crop&q=80
448,Product_448,Footwear,103.6,https://images.unsplash.com/photo-1595950653106-6c9ebd614d3a?w=400&auto=format&fit=crop&q=80
449,Product_449,Bottoms,112.84,https://images.unsplash.com/photo-1517445312882-bc9910d016b7?w=400&auto=format&fit=crop&q=80
450,Product_450,Accessories,110.71,https://images.unsplash.com/photo-1523206489230-c012c64b2b48?w=400&auto=format&fit=crop&q=80
451,Product_451,Dresses,30.1,https://images.unsplash.com/photo-1595777457583-95e059d581b8?w=400&auto=format&fit=crop&q=80
452,Product_452,Accessories,159.78,https://images.unsplash.com/photo-1584917865442-de89df76afd3?w=400&auto=format&fit=crop&q=80
453,Product_453,Outerwear,58.82,https://images.unsplash.com/photo-1544441893-675973e31985?w=400&auto=format&fit=crop&q=80
454,Product_454,Footwear,36.37,https://images.unsplash.com/photo-1595950653106-6c9ebd614d3a?w=400&auto=format&fit=crop&q=80
455,Product_455,Footwear,161.64,https://images.unsplash.com/photo-1595950653106-6c9ebd614d3a?w=400&auto=format&fit=crop&q=80
456,Product_456,Tops,172.68,https://images.unsplash.com/photo-1521572267360-ee0c2909d518?w=400&auto=format&fit=crop&q=80
457,Product_457,Footwear,157.25,https://images.unsplash.com/photo-1543163521-1bf539c55dd2?w=400&auto=format&fit=crop&q=80
458,Product_458,Tops,148.57,https://images.unsplash.com/photo-1521572267360-ee0c2909d518?w=400&auto=format&fit=crop&q=80
459,Product_459,Bottoms,123.11,https://images.unsplash.com/photo-1541099649105-f69ad21f3246?w=400&auto=format&fit=crop&q=80
460,Product_460,Dresses,105.89,https://images.unsplash.com/photo-1595777457583-95e059d581b8?w=400&auto=format&fit=crop&q=80
461,Product_461,Outerwear,29.35,https://images.unsplash.com/photo-1591047139829-d91aecb6caea?w=400&auto=format&fit=crop&q=80
462,Product_462,Tops,82.39,https://images.unsplash.com/photo-1503342217505-b0a15ec3261c?w=400&auto=format&fit=crop&q=80
463,Product_463,Dresses,76.49,https://images.unsplash.com/photo-1572804013309-59a88b7e92f1?w=400&auto=format&fit=crop&q=80
464,Product_464,Footwear,57.86,https://images.unsplash.com/photo-1595950653106-6c9ebd614d3a?w=400&auto=format&fit=crop&q=80
465,Product_465,Footwear,134.36,https://images.unsplash.com/photo-1549298916-b41d501d3772?w=400&auto=format&fit=crop&q=80
466,Product_466,Dresses,96.82,https://images.unsplash.com/photo-1595777457583-95e059d581b8?w=400&auto=format&fit=crop&q=80
467,Product_467,Footwear,28.37,https://images.unsplash.com/photo-1549298916-b41d501d3772?w=400&auto=format&fit=crop&q=80
468,Product_468,Bottoms,51.33,https://images.unsplash.com/photo-1541099649105-f69ad21f3246?w=400&auto=format&fit=crop&q=80
469,Product_469,Bottoms,127.74,https://images.unsplash.com/photo-1541099649105-f69ad21f3246?w=400&auto=format&fit=crop&q=80
470,Product_470,Dresses,27.56,https://images.unsplash.com/photo-1572804013309-59a88b7e92f1?w=400&auto=format&fit=crop&q=80
471,Product_471,Tops,155.45,https://images.unsplash.com/photo-1503342217505-b0a15ec3261c?w=400&auto=format&fit=crop&q=80
472,Product_472,Tops,96.7,https://images.unsplash.com/photo-1618354691373-d851c5c3a990?w=400&auto=format&fit=crop&q=80
473,Product_473,Dresses,94.3,https://images.unsplash.com/photo-1515372039744-b8f02a3ae446?w=400&auto=format&fit=crop&q=80
474,Product_474,Tops,112.75,https://images.unsplash.com/photo-1503342217505-b0a15ec3261c?w=400&auto=format&fit=crop&q=80
475,Product_475,Tops,151.07,https://images.unsplash.com/photo-1503342217505-b0a15ec3261c?w=400&auto=format&fit=crop&q=80
476,Product_476,Bottoms,72.39,https://images.unsplash.com/photo-1582552938357-32b906df40cb?w=400&auto=format&fit=crop&q=80
477,Product_477,Tops,126.87,https://images.unsplash.com/photo-1521572267360-ee0c2909d518?w=400&auto=format&fit=crop&q=80
478,Product_478,Accessories,108.35,https://images.unsplash.com/photo-1509319117193-57bab727e09d?w=400&auto=format&fit=crop&q=80
479,Product_479,Outerwear,59.06,https://images.unsplash.com/photo-1544441893-675973e31985?w=400&auto=format&fit=crop&q=80
480,Product_480,Footwear,159.97,https://images.unsplash.com/photo-1549298916-b41d501d3772?w=400&auto=format&fit=crop&q=80
481,Product_481,Accessories,146.58,https://images.unsplash.com/photo-1509319117193-57bab727e09d?w=400&auto=format&fit=crop&q=80
482,Product_482,Tops,123.64,https://images.unsplash.com/photo-1503342217505-b0a15ec3261c?w=400&auto=format&fit=crop&q=80
483,Product_483,Bottoms,155.35,https://images.unsplash.com/photo-1517445312882-bc9910d016b7?w=400&auto=format&fit=crop&q=80
484,Product_484,Dresses,158.1,https://images.unsplash.com/photo-1595777457583-95e059d581b8?w=400&auto=format&fit=crop&q=80
485,Product_485,Tops,131.88,https://images.unsplash.com/photo-1503342217505-b0a15ec3261c?w=400&auto=format&fit=crop&q=80
486,Product_486,Bottoms,153.11,https://images.unsplash.com/photo-1541099649105-f69ad21f3246?w=400&auto=format&fit=crop&q=80
487,Product_487,Outerwear,130.08,https://images.unsplash.com/photo-1544441893-675973e31985?w=400&auto=format&fit=crop&q=80
488,Product_488,Tops,127.22,https://images.unsplash.com/photo-1618354691373-d851c5c3a990?w=400&auto=format&fit=crop&q=80
489,Product_489,Dresses,117.07,https://images.unsplash.com/photo-1595777457583-95e059d581b8?w=400&auto=format&fit=crop&q=80
490,Product_490,Bottoms,139.2,https://images.unsplash.com/photo-1517445312882-bc9910d016b7?w=400&auto=format&fit=crop&q=80
491,Product_491,Bottoms,41.17,https://images.unsplash.com/photo-1517445312882-bc9910d016b7?w=400&auto=format&fit=crop&q=80
492,Product_492,Bottoms,160.34,https://images.unsplash.com/photo-1541099649105-f69ad21f3246?w=400&auto=format&fit=crop&q=80
493,Product_493,Outerwear,158.85,https://images.unsplash.com/photo-1544441893-675973e31985?w=400&auto=format&fit=crop&q=80
494,Product_494,Tops,19.83,https://images.unsplash.com/photo-1503342217505-b0a15ec3261c?w=400&auto=format&fit=crop&q=80
495,Product_495,Outerwear,151.26,https://images.unsplash.com/photo-1551028719-00167b16eac5?w=400&auto=format&fit=crop&q=80
496,Product_496,Footwear,36.26,https://images.unsplash.com/photo-1543163521-1bf539c55dd2?w=400&auto=format&fit=crop&q=80
497,Product_497,Footwear,70.29,https://images.unsplash.com/photo-1543163521-1bf539c55dd2?w=400&auto=format&fit=crop&q=80
498,Product_498,Tops,137.68,https://images.unsplash.com/photo-1618354691373-d851c5c3a990?w=400&auto=format&fit=crop&q=80
499,Product_499,Outerwear,41.53,https://images.unsplash.com/photo-1551028719-00167b16eac5?w=400&auto=format&fit=crop&q=80
